{
  "playlists": [
  {
    "id": 1,
    "name": "Chill Vibes",
    "author": "DJ Luna",
    "coverImage": "assets/img/playlist.png",
    "likes": 42,
    "dateAdded": "2025-04-15",
    "songs": [
      { "title": "Morning Dew", "artist": "Sunrise Band", "duration": "3:45" },
      { "title": "Ocean Breeze", "artist": "Wave Riders", "duration": "4:20" },
      { "title": "Twilight Glow", "artist": "Nightfall", "duration": "5:00" }
    ]
  },
  {
    "id": 2,
    "name": "Upbeat Hits",
    "author": "MC Flash",
    "coverImage": "assets/img/playlist.png",
    "likes": 128,
    "dateAdded": "2025-03-20",
    "songs": [
      { "title": "Firestarter", "artist": "Beat Masters", "duration": "3:15" },
      { "title": "Runaway", "artist": "Speed King", "duration": "4:02" },
      { "title": "High Voltage", "artist": "Electro Vibe", "duration": "3:50" }
    ]
  },
  {
    "id": 3,
    "name": "Acoustic Mornings",
    "author": "String Theory",
    "coverImage": "assets/img/playlist.png",
    "likes": 76,
    "dateAdded": "2025-02-28",
    "songs": [
      { "title": "Rustic Road", "artist": "Wood & Strings", "duration": "2:45" },
      { "title": "Barefoot", "artist": "Open Fields", "duration": "3:30" },
      { "title": "Campfire Tales", "artist": "Folk Union", "duration": "4:10" }
    ]
  },
  {
    "id": 4,
    "name": "Electronic Dreams",
    "author": "Synth Lord",
    "coverImage": "assets/img/playlist.png",
    "likes": 95,
    "dateAdded": "2025-04-05",
    "songs": [
      { "title": "Neon Lights", "artist": "Pulse Tech", "duration": "5:20" },
      { "title": "Digital Heart", "artist": "Circuit Breaker", "duration": "4:40" },
      { "title": "Midnight Code", "artist": "Binary Soul", "duration": "6:00" }
    ]
  },
  {
    "id": 5,
    "name": "Jazz Classics",
    "author": "Blue Note",
    "coverImage": "assets/img/playlist.png",
    "likes": 63,
    "dateAdded": "2025-01-12",
    "songs": [
      { "title": "Autumn Leaves", "artist": "Jazz Trio", "duration": "5:55" },
      { "title": "Softly, As in a Morning Sunrise", "artist": "Uptown Quintet", "duration": "6:10" },
      { "title": "Take Five", "artist": "The Cool Cats", "duration": "5:25" }
    ]
  },
  {
    "id": 6,
    "name": "Rock Anthems",
    "author": "The Loud Ones",
    "coverImage": "assets/img/playlist.png",
    "likes": 110,
    "dateAdded": "2025-03-01",
    "songs": [
      { "title": "Break the Chains", "artist": "Steel Fist", "duration": "4:45" },
      { "title": "Rebel Yell", "artist": "Outlaws", "duration": "3:55" },
      { "title": "Thunder Road", "artist": "Storm Riders", "duration": "5:05" }
    ]
  }
]}